-- ======================
-- 数据插入脚本
-- ======================
-- ======================
-- 1. 用户信息表 (user_info)
-- ======================
INSERT INTO
    user_info (
        username,
        password,
        register_time,
        last_login_time,
        bio,
        location,
        activity_score
    )
VALUES
    (
        '张三',
        'password123',
        '2025-01-15 10:00:00',
        '2025-11-17 09:30:00',
        '热爱美食和旅行的90后',
        '上海市',
        850
    ),
    (
        '李四',
        'pass456',
        '2025-02-20 14:30:00',
        '2025-11-17 15:20:00',
        '技术宅，喜欢编程',
        '北京市',
        1200
    ),
    (
        '王五',
        'mypass789',
        '2025-03-10 08:45:00',
        '2025-11-16 20:10:00',
        '摄影爱好者',
        '广州市',
        650
    ),
    (
        '赵六',
        'secure111',
        '2025-04-05 16:20:00',
        '2025-11-17 11:45:00',
        '音乐制作人',
        '深圳市',
        920
    ),
    (
        '孙七',
        'pass222',
        '2025-05-12 11:15:00',
        '2025-11-17 18:00:00',
        '健身达人',
        '杭州市',
        780
    ),
    (
        '周八',
        'mykey333',
        '2025-06-18 09:30:00',
        '2025-11-15 14:20:00',
        '游戏主播',
        '成都市',
        1500
    ),
    (
        '吴九',
        'secure444',
        '2025-07-22 13:40:00',
        '2025-11-17 16:30:00',
        '美妆博主',
        '武汉市',
        1100
    ),
    (
        '郑十',
        'pass555',
        '2025-08-30 15:50:00',
        '2025-11-17 10:15:00',
        '科技评测爱好者',
        '南京市',
        890
    ),
    (
        '钱十一',
        'mypass666',
        '2025-09-08 10:20:00',
        '2025-11-16 22:40:00',
        '旅行vlogger',
        '西安市',
        720
    ),
    (
        '孙十二',
        'secure777',
        '2025-10-14 12:30:00',
        '2025-11-17 08:50:00',
        '二次元爱好者',
        '重庆市',
        960
    );

SELECT
    *
FROM
    user_info
LIMIT
    5;

-- ======================
-- 2. 论坛表 (forum)
-- ======================
INSERT INTO
    forum (
        name,
        description,
        admin_id,
        post_count,
        comment_count,
        view_count,
        activity_score
    )
VALUES
    ('美食天地', '分享美食制作和探店体验', 1, 150, 320, 50000, 800),
    ('技术交流', '编程技术讨论和经验分享', 2, 280, 650, 120000, 1500),
    ('摄影艺术', '摄影作品展示和技巧交流', 3, 95, 180, 35000, 550),
    ('音乐创作', '音乐制作和乐理讨论', 4, 120, 240, 45000, 680),
    ('健身打卡', '健身经验和训练计划分享', 5, 200, 420, 80000, 950),
    ('游戏竞技', '游戏攻略和赛事讨论', 6, 350, 890, 180000, 1800),
    ('时尚美妆', '美妆教程和穿搭分享', 7, 180, 380, 90000, 1050),
    ('数码科技', '数码产品评测和科技资讯', 8, 160, 340, 70000, 850);

SELECT
    *
FROM
    forum
LIMIT
    5;

-- ======================
-- 3. 标签表 (tag)
-- ======================
INSERT INTO
    tag (content)
VALUES
    ('美食'),
    ('探店'),
    ('Python'),
    ('Java'),
    ('前端开发'),
    ('人像摄影'),
    ('风景摄影'),
    ('电子音乐'),
    ('吉他'),
    ('增肌'),
    ('减脂'),
    ('英雄联盟'),
    ('原神'),
    ('口红'),
    ('护肤'),
    ('手机评测'),
    ('笔记本'),
    ('旅行'),
    ('Vlog'),
    ('动漫');

SELECT
    *
FROM
    tag
LIMIT
    5;

-- ======================
-- 4. 帖子表 (post)
-- ======================
INSERT INTO
    post (
        user_id,
        forum_id,
        title,
        content,
        create_time,
        update_time,
        visibility,
        location,
        like_count,
        share_count,
        view_count,
        interaction_score,
        traffic_pool
    )
VALUES
    (
        1,
        1,
        '上海网红餐厅探店',
        '今天去了外滩的一家新开的餐厅，环境很棒！',
        '2025-11-17 10:30:00',
        NULL,
        'public',
        '上海市',
        125,
        35,
        3500,
        85.5,
        'hot'
    ),
    (
        1,
        1,
        '家常菜红烧肉做法',
        '分享一个超简单的红烧肉做法，新手也能做出美味！',
        '2025-11-15 14:20:00',
        '2025-11-16 09:10:00',
        'public',
        '上海市',
        89,
        22,
        2100,
        68.2,
        'normal'
    ),
    (
        2,
        2,
        'Python异步编程详解',
        '深入讲解asyncio的使用方法和最佳实践',
        '2025-11-17 09:00:00',
        NULL,
        'public',
        '北京市',
        256,
        78,
        8900,
        145.8,
        'hot'
    ),
    (
        2,
        2,
        'Docker容器化部署教程',
        '从零开始学习Docker，包含实战案例',
        '2025-11-10 16:45:00',
        NULL,
        'public',
        '北京市',
        198,
        56,
        6500,
        112.4,
        'hot'
    ),
    (
        3,
        3,
        '秋日银杏拍摄技巧',
        '分享在公园拍摄银杏的构图和用光心得',
        '2025-11-17 11:15:00',
        NULL,
        'public',
        '广州市',
        145,
        42,
        4200,
        92.6,
        'normal'
    ),
    (
        4,
        4,
        '流行歌曲编曲思路',
        '如何为流行歌曲编配合适的伴奏',
        '2025-11-16 15:30:00',
        NULL,
        'public',
        '深圳市',
        112,
        28,
        3100,
        75.8,
        'normal'
    ),
    (
        5,
        5,
        '30天增肌训练计划',
        '科学的增肌训练计划和饮食建议',
        '2025-11-17 08:00:00',
        NULL,
        'public',
        '杭州市',
        234,
        67,
        7800,
        128.5,
        'hot'
    ),
    (
        6,
        6,
        '英雄联盟S15赛季上分攻略',
        '分享打野位置的carry技巧',
        '2025-11-17 19:00:00',
        NULL,
        'public',
        '成都市',
        456,
        123,
        15000,
        198.6,
        'hot'
    ),
    (
        7,
        7,
        '秋冬口红推荐',
        '适合秋冬的10支口红色号分享',
        '2025-11-17 13:30:00',
        NULL,
        'public',
        '武汉市',
        312,
        89,
        9800,
        156.2,
        'hot'
    ),
    (
        8,
        8,
        '2025年旗舰手机横评',
        '对比评测今年发布的几款旗舰手机',
        '2025-11-17 10:00:00',
        NULL,
        'public',
        '南京市',
        278,
        72,
        8200,
        138.4,
        'hot'
    ),
    (
        9,
        1,
        '成都小吃街打卡',
        '宽窄巷子美食全攻略',
        '2025-11-17 16:45:00',
        NULL,
        'public',
        '成都市',
        167,
        45,
        4500,
        98.5,
        'normal'
    ),
    (
        10,
        6,
        '原神4.3版本角色推荐',
        '新版本值得培养的角色分析',
        '2025-11-17 20:30:00',
        NULL,
        'public',
        '重庆市',
        389,
        98,
        12000,
        172.8,
        'hot'
    );

SELECT
    *
FROM
    post
LIMIT
    5;

-- ======================
-- 5. 评论表 (comment)
-- ======================
INSERT INTO
    comment (
        user_id,
        post_id,
        parent_comment_id,
        content,
        send_time,
        like_count,
        location,
        nest_depth
    )
VALUES
    (2, 1, NULL, '看起来很不错，地址在哪里？', '2025-11-17 11:00:00', 15, '北京市', 0),
    (1, 1, 1, '在外滩中心，需要提前预约哦', '2025-11-17 11:30:00', 8, '上海市', 1),
    (3, 1, NULL, '价格怎么样？', '2025-11-17 12:15:00', 12, '广州市', 0),
    (1, 1, 3, '人均300左右', '2025-11-17 12:45:00', 5, '上海市', 1),
    (4, 2, NULL, '红烧肉做法收藏了！', '2025-11-15 15:00:00', 22, '深圳市', 0),
    (5, 3, NULL, 'asyncio确实很强大', '2025-11-17 10:00:00', 45, '杭州市', 0),
    (6, 3, NULL, '有没有完整的代码示例？', '2025-11-17 10:30:00', 38, '成都市', 0),
    (2, 3, 7, '文章末尾有GitHub链接', '2025-11-17 11:00:00', 20, '北京市', 1),
    (7, 5, NULL, '照片拍得真美！', '2025-11-17 12:00:00', 28, '武汉市', 0),
    (8, 7, NULL, '这个训练计划太实用了', '2025-11-17 09:00:00', 52, '南京市', 0),
    (9, 8, NULL, '打野思路讲得很清楚', '2025-11-17 19:30:00', 67, '西安市', 0),
    (10, 9, NULL, '口红色号都很好看', '2025-11-17 14:00:00', 48, '重庆市', 0),
    (1, 10, NULL, '手机对比很详细', '2025-11-17 10:45:00', 42, '上海市', 0),
    (2, 11, NULL, '成都美食真的太多了', '2025-11-17 17:00:00', 25, '北京市', 0),
    (3, 12, NULL, '原神玩家必看', '2025-11-17 21:00:00', 58, '广州市', 0);

SELECT
    *
FROM
    comment
LIMIT
    5;

-- ======================
-- 6. 多媒体素材表 (multimedia_material)
-- ======================
INSERT INTO
    multimedia_material (file_path, file_size, material_type, upload_time, content)
VALUES
    (
        '/uploads/images/food_restaurant_001.jpg',
        2048576,
        'image',
        '2025-11-17 10:20:00',
        '餐厅外观照片'
    ),
    (
        '/uploads/images/food_dish_001.jpg',
        1536000,
        'image',
        '2025-11-17 10:25:00',
        '菜品照片'
    ),
    (
        '/uploads/videos/cooking_tutorial_001.mp4',
        52428800,
        'video',
        '2025-11-15 14:00:00',
        '红烧肉制作教程'
    ),
    (
        '/uploads/images/code_screenshot_001.png',
        819200,
        'image',
        '2025-11-17 08:50:00',
        '代码截图'
    ),
    (
        '/uploads/images/autumn_ginkgo_001.jpg',
        3145728,
        'image',
        '2025-11-17 11:00:00',
        '银杏照片'
    ),
    (
        '/uploads/images/autumn_ginkgo_002.jpg',
        2867200,
        'image',
        '2025-11-17 11:05:00',
        '银杏照片2'
    ),
    (
        '/uploads/videos/gym_workout_001.mp4',
        67108864,
        'video',
        '2025-11-17 07:50:00',
        '健身训练视频'
    ),
    (
        '/uploads/videos/game_highlight_001.mp4',
        89128960,
        'video',
        '2025-11-17 18:50:00',
        '游戏精彩操作'
    ),
    (
        '/uploads/images/lipstick_review_001.jpg',
        1228800,
        'image',
        '2025-11-17 13:20:00',
        '口红试色'
    ),
    (
        '/uploads/images/phone_comparison_001.jpg',
        2457600,
        'image',
        '2025-11-17 09:50:00',
        '手机对比图'
    ),
    (
        '/uploads/ads/brand_promo_001.jpg',
        1048576,
        'ad',
        '2025-11-10 10:00:00',
        '脆升升广告'
    ),
    (
        '/uploads/ads/brand_promo_002.jpg',
        1152000,
        'ad',
        '2025-11-12 14:30:00',
        '某品牌广告'
    ),
    ('/uploads/emoji/emoji_001.gif', 102400, 'emoji', '2025-11-15 16:00:00', '笑脸表情'),
    ('/uploads/emoji/emoji_002.gif', 89600, 'emoji', '2025-11-16 11:00:00', '点赞表情'),
    ('/uploads/emoji/emoji_003.gif', 115200, 'emoji', '2025-11-17 09:00:00', '爱心表情'),
    ('/uploads/emoji/emoji_004.gif', 96000, 'emoji', '2025-11-17 12:00:00', '哭泣表情'),
    ('/uploads/emoji/emoji_005.gif', 108800, 'emoji', '2025-11-17 15:00:00', '加油表情');

SELECT
    *
FROM
    multimedia_material
LIMIT
    5;

-- ======================
-- 7. 视频表 (video)
-- ======================
INSERT INTO
    video (material_id, duration, resolution, format)
VALUES
    (3, 360, '1920x1080', 'MP4'),
    (7, 600, '1920x1080', 'MP4'),
    (8, 480, '2560x1440', 'MP4');

SELECT
    *
FROM
    video
LIMIT
    5;

-- ======================
-- 8. 广告表 (ad)
-- ======================
INSERT INTO
    ad (material_id)
VALUES
    (11),
    (12);

SELECT
    *
FROM
    ad
LIMIT
    5;

-- ======================
-- 9. 图片表 (image)
-- ======================
INSERT INTO
    image (material_id, width, height, depth)
VALUES
    (1, 1920, 1080, 24),
    (2, 1600, 1200, 24),
    (4, 1280, 720, 24),
    (5, 3840, 2160, 24),
    (6, 3840, 2160, 24),
    (9, 1080, 1920, 24),
    (10, 2400, 1080, 24);

SELECT
    *
FROM
    image
LIMIT
    5;

-- ======================
-- 10. 表情包表 (emoji)
-- ======================
INSERT INTO
    emoji (material_id)
VALUES
    (13),
    (14),
    (15),
    (16),
    (17);

SELECT
    *
FROM
    emoji
LIMIT
    5;

-- ======================
-- 11. 直播表 (live)
-- ======================
INSERT INTO
    live (
        streamer_id,
        title,
        description,
        start_time,
        play_count,
        like_count,
        share_count,
        status,
        popularity_score
    )
VALUES
    (
        6,
        '英雄联盟排位冲分',
        '冲击大师段位直播',
        '2025-11-17 19:00:00',
        15800,
        2340,
        456,
        'live',
        8520
    ),
    (7, '秋冬妆容教学', '日常妆容分享', '2025-11-17 20:00:00', 8900, 1567, 234, 'live', 5240),
    (2, 'Python编程实战', '实时编码演示', '2025-11-16 14:00:00', 3400, 567, 89, 'ended', 1850),
    (4, '音乐制作分享', '流行歌曲编曲过程', '2025-11-15 20:00:00', 2100, 389, 67, 'ended', 1230),
    (5, '健身训练直播', '胸肌训练专题', '2025-11-17 08:00:00', 5600, 890, 145, 'ended', 3120),
    (8, '新款手机开箱', '旗舰机开箱评测', '2025-11-17 15:00:00', 6700, 1234, 278, 'ended', 3890),
    (9, '旅行vlog直播', '西安古城游', '2025-11-16 10:00:00', 4500, 678, 123, 'ended', 2560),
    (10, '动漫讨论会', '新番推荐和讨论', '2025-11-17 21:00:00', 7800, 1456, 267, 'live', 4680);

SELECT
    *
FROM
    live
LIMIT
    5;

-- ======================
-- 12. 消息表 (message)
-- ======================
INSERT INTO
    message (sender_id, receiver_id, content, send_time, format, message_type, read_status)
VALUES
    (1, 2, '你好，看到你的技术文章写得很好', '2025-11-17 10:00:00', 'text', 'private', TRUE),
    (2, 1, '谢谢！你的美食分享我也很喜欢', '2025-11-17 10:15:00', 'text', 'private', TRUE),
    (3, 4, '想和你请教一下摄影技巧', '2025-11-17 11:30:00', 'text', 'private', TRUE),
    (4, 3, '没问题，随时交流', '2025-11-17 11:45:00', 'text', 'private', TRUE),
    (5, 6, '直播时间能调整一下吗？', '2025-11-17 12:00:00', 'text', 'private', FALSE),
    (7, 8, '你评测的那款手机我也在用', '2025-11-17 13:00:00', 'text', 'private', TRUE),
    (8, 7, '那你觉得怎么样？', '2025-11-17 13:15:00', 'text', 'private', TRUE),
    (9, 10, '有空一起讨论动漫吗', '2025-11-17 14:00:00', 'text', 'private', FALSE),
    (1, 3, '你拍的照片真的太美了', '2025-11-17 15:00:00', 'text', 'private', TRUE),
    (2, 5, '健身计划能分享一下吗', '2025-11-17 16:00:00', 'text', 'private', TRUE),
    (1, 2, '最近在学Python，有推荐的书吗', '2025-11-17 17:00:00', 'text', 'private', FALSE),
    (2, 1, '推荐《流畅的Python》', '2025-11-17 17:30:00', 'text', 'private', FALSE),
    (3, 1, '下次一起去探店吧', '2025-11-17 18:00:00', 'text', 'private', FALSE),
    (4, 5, '健身和音乐可以结合', '2025-11-17 18:30:00', 'text', 'private', FALSE),
    (6, 7, '你的美妆教程很专业', '2025-11-17 19:00:00', 'text', 'private', FALSE);

SELECT
    *
FROM
    message
LIMIT
    5;

-- ======================
-- 13. 帖子标签记录表 (post_tag_record)
-- ======================
INSERT INTO
    post_tag_record (post_id, tag_id, tag_time)
VALUES
    (1, 1, '2025-11-17 10:30:00'),
    (1, 2, '2025-11-17 10:30:00'),
    (2, 1, '2025-11-15 14:20:00'),
    (3, 3, '2025-11-17 09:00:00'),
    (4, 3, '2025-11-10 16:45:00'),
    (5, 6, '2025-11-17 11:15:00'),
    (5, 7, '2025-11-17 11:15:00'),
    (6, 8, '2025-11-16 15:30:00'),
    (6, 9, '2025-11-16 15:30:00'),
    (7, 10, '2025-11-17 08:00:00'),
    (8, 12, '2025-11-17 19:00:00'),
    (9, 14, '2025-11-17 13:30:00'),
    (9, 15, '2025-11-17 13:30:00'),
    (10, 16, '2025-11-17 10:00:00'),
    (10, 17, '2025-11-17 10:00:00'),
    (11, 1, '2025-11-17 16:45:00'),
    (11, 18, '2025-11-17 16:45:00'),
    (12, 13, '2025-11-17 20:30:00');

SELECT
    *
FROM
    post_tag_record
LIMIT
    5;

-- ======================
-- 14. 用户标签记录表 (user_tag_record)
-- ======================
INSERT INTO
    user_tag_record (user_id, tag_id, tag_time)
VALUES
    (1, 1, '2025-01-15 10:00:00'),
    (1, 2, '2025-01-15 10:00:00'),
    (2, 3, '2025-02-20 14:30:00'),
    (2, 4, '2025-02-20 14:30:00'),
    (3, 6, '2025-03-10 08:45:00'),
    (3, 7, '2025-03-10 08:45:00'),
    (4, 8, '2025-04-05 16:20:00'),
    (4, 9, '2025-04-05 16:20:00'),
    (5, 10, '2025-05-12 11:15:00'),
    (5, 11, '2025-05-12 11:15:00'),
    (6, 12, '2025-06-18 09:30:00'),
    (6, 13, '2025-06-18 09:30:00'),
    (7, 14, '2025-07-22 13:40:00'),
    (7, 15, '2025-07-22 13:40:00'),
    (8, 16, '2025-08-30 15:50:00'),
    (8, 17, '2025-08-30 15:50:00'),
    (9, 18, '2025-09-08 10:20:00'),
    (9, 19, '2025-09-08 10:20:00'),
    (10, 13, '2025-10-14 12:30:00'),
    (10, 20, '2025-10-14 12:30:00');

SELECT
    *
FROM
    user_tag_record
LIMIT
    5;

-- ======================
-- 15. 用户-论坛记录表 (user_forum_record)
-- ======================
INSERT INTO
    user_forum_record (user_id, forum_id, relation_type, join_time)
VALUES
    (1, 1, 1, '2025-01-15 10:00:00'),
    (2, 2, 1, '2025-02-20 14:30:00'),
    (3, 3, 1, '2025-03-10 08:45:00'),
    (4, 4, 1, '2025-04-05 16:20:00'),
    (5, 5, 1, '2025-05-12 11:15:00'),
    (6, 6, 1, '2025-06-18 09:30:00'),
    (7, 7, 1, '2025-07-22 13:40:00'),
    (8, 8, 1, '2025-08-30 15:50:00'),
    (1, 2, 2, '2025-02-25 10:00:00'),
    (2, 1, 2, '2025-03-01 14:30:00'),
    (3, 1, 2, '2025-03-15 08:45:00'),
    (4, 2, 2, '2025-04-10 16:20:00'),
    (5, 6, 2, '2025-06-20 11:15:00'),
    (6, 5, 2, '2025-07-01 09:30:00'),
    (7, 8, 2, '2025-09-01 13:40:00'),
    (8, 7, 2, '2025-09-05 15:50:00'),
    (9, 1, 2, '2025-09-10 10:20:00'),
    (10, 6, 2, '2025-10-15 12:30:00');

SELECT
    *
FROM
    user_forum_record
LIMIT
    5;

-- ======================
-- 16. 直播记录表 (live_record)
-- ======================
INSERT INTO
    live_record (user_id, live_id, relation_type, like_status, share_status, watch_duration)
VALUES
    (6, 1, 1, FALSE, FALSE, 0),
    (7, 2, 1, FALSE, FALSE, 0),
    (2, 3, 1, FALSE, FALSE, 0),
    (4, 4, 1, FALSE, FALSE, 0),
    (5, 5, 1, FALSE, FALSE, 0),
    (8, 6, 1, FALSE, FALSE, 0),
    (9, 7, 1, FALSE, FALSE, 0),
    (10, 8, 1, FALSE, FALSE, 0),
    (1, 1, 2, TRUE, FALSE, 3600),
    (2, 1, 2, TRUE, TRUE, 5400),
    (3, 1, 2, FALSE, FALSE, 1800),
    (5, 2, 2, TRUE, FALSE, 2400),
    (6, 2, 2, TRUE, TRUE, 3000),
    (1, 3, 2, FALSE, FALSE, 1200),
    (3, 3, 2, TRUE, FALSE, 2700),
    (1, 5, 2, TRUE, FALSE, 1800),
    (2, 5, 2, FALSE, FALSE, 900),
    (7, 6, 2, TRUE, TRUE, 2100),
    (1, 8, 2, TRUE, FALSE, 1500),
    (2, 8, 2, TRUE, FALSE, 2700);

SELECT
    *
FROM
    live_record
LIMIT
    5;

-- ======================
-- 17. 直播标签记录表 (live_tag_record)
-- ======================
INSERT INTO
    live_tag_record (live_id, tag_id, tag_time)
VALUES
    (1, 12, '2025-11-17 19:00:00'),
    (2, 14, '2025-11-17 20:00:00'),
    (2, 15, '2025-11-17 20:00:00'),
    (3, 3, '2025-11-16 14:00:00'),
    (4, 8, '2025-11-15 20:00:00'),
    (4, 9, '2025-11-15 20:00:00'),
    (5, 10, '2025-11-17 08:00:00'),
    (6, 16, '2025-11-17 15:00:00'),
    (7, 18, '2025-11-16 10:00:00'),
    (7, 19, '2025-11-16 10:00:00'),
    (8, 13, '2025-11-17 21:00:00'),
    (8, 20, '2025-11-17 21:00:00');

SELECT
    *
FROM
    live_tag_record
LIMIT
    5;

-- ======================
-- 18. 多媒体素材使用记录表 (multimedia_usage_record)
-- ======================
INSERT INTO
    multimedia_usage_record (material_id, user_id, usage_scenario, usage_time, host_type, host_id)
VALUES
    (1, 1, '帖子配图', '2025-11-17 10:30:00', 'post', 1),
    (2, 1, '帖子配图', '2025-11-17 10:30:00', 'post', 1),
    (3, 1, '帖子视频', '2025-11-15 14:20:00', 'post', 2),
    (4, 2, '帖子配图', '2025-11-17 09:00:00', 'post', 3),
    (5, 3, '帖子配图', '2025-11-17 11:15:00', 'post', 5),
    (6, 3, '帖子配图', '2025-11-17 11:15:00', 'post', 5),
    (7, 5, '帖子视频', '2025-11-17 08:00:00', 'post', 7),
    (8, 6, '帖子视频', '2025-11-17 19:00:00', 'post', 8),
    (9, 7, '帖子配图', '2025-11-17 13:30:00', 'post', 9),
    (10, 8, '帖子配图', '2025-11-17 10:00:00', 'post', 10),
    (11, 1, '评论广告', '2025-11-17 11:00:00', 'comment', 1),
    (11, 2, '评论广告', '2025-11-17 12:00:00', 'comment', 3),
    (11, 3, '评论广告', '2025-11-17 13:00:00', 'comment', 5),
    (13, 1, '评论表情', '2025-11-17 11:30:00', 'comment', 2),
    (14, 4, '评论表情', '2025-11-15 15:00:00', 'comment', 5),
    (15, 5, '评论表情', '2025-11-17 10:00:00', 'comment', 6),
    (13, 1, '消息表情', '2025-11-17 10:00:00', 'message', 1),
    (14, 2, '消息表情', '2025-11-17 10:15:00', 'message', 2),
    (15, 3, '消息表情', '2025-11-17 11:30:00', 'message', 3),
    (16, 7, '消息表情', '2025-11-17 13:00:00', 'message', 6),
    (17, 9, '消息表情', '2025-11-17 14:00:00', 'message', 8);

SELECT
    *
FROM
    multimedia_usage_record
LIMIT
    5;

-- ======================
-- 数据插入完成
-- ======================
-- 验证数据插入
SELECT
    'user_info' as table_name,
    COUNT(*) as row_count
FROM
    user_info
UNION ALL
SELECT
    'forum',
    COUNT(*)
FROM
    forum
UNION ALL
SELECT
    'post',
    COUNT(*)
FROM
    post
UNION ALL
SELECT
    'comment',
    COUNT(*)
FROM
    comment
UNION ALL
SELECT
    'tag',
    COUNT(*)
FROM
    tag
UNION ALL
SELECT
    'live',
    COUNT(*)
FROM
    live
UNION ALL
SELECT
    'message',
    COUNT(*)
FROM
    message
UNION ALL
SELECT
    'multimedia_material',
    COUNT(*)
FROM
    multimedia_material
UNION ALL
SELECT
    'video',
    COUNT(*)
FROM
    video
UNION ALL
SELECT
    'ad',
    COUNT(*)
FROM
    ad
UNION ALL
SELECT
    'image',
    COUNT(*)
FROM
    image
UNION ALL
SELECT
    'emoji',
    COUNT(*)
FROM
    emoji
UNION ALL
SELECT
    'post_tag_record',
    COUNT(*)
FROM
    post_tag_record
UNION ALL
SELECT
    'user_tag_record',
    COUNT(*)
FROM
    user_tag_record
UNION ALL
SELECT
    'user_forum_record',
    COUNT(*)
FROM
    user_forum_record
UNION ALL
SELECT
    'live_record',
    COUNT(*)
FROM
    live_record
UNION ALL
SELECT
    'live_tag_record',
    COUNT(*)
FROM
    live_tag_record
UNION ALL
SELECT
    'multimedia_usage_record',
    COUNT(*)
FROM
    multimedia_usage_record;